context_size,prompt_tokens,prompt_tps,generation_tokens,generation_tps,total_time,prompt_eval_duration,eval_duration
2k,2064,484.759231757628,464,52.95816405785489,14.461610078811646,4.257783792,8.761633041
4k,4051,993.5672490367364,668,44.15548965686574,19.253816843032837,4.077227791,15.12835675
8k,8014,837.7273264919595,1010,35.892701824107085,37.759461879730225,9.566358583,28.13942525
16k,8192,467.28514939099296,520,36.97576257308102,31.654595136642456,17.531051459,14.063266416
32k,8192,458.2420104166754,1588,36.96765259851802,60.91119694709778,17.877016541,42.956473792
64k,8192,464.06761499774314,753,36.21102719070644,38.556796073913574,17.652600042,20.7947705
