context_size,prompt_tokens,prompt_tps,generation_tokens,generation_tps,total_time,wall_time,prompt_eval_duration,eval_duration,load_duration
2k,2064,488.87,858,51.11,21.046762958,21.15591597557068,4.221976667,16.787853583,0.036505916
4k,4051,971.36,808,43.12,22.94949575,23.04814600944519,4.170448125,18.73900075,0.039541375000000004
8k,8014,826.54,957,35.34,36.817501,36.92097520828247,9.695836916,27.079117334,0.041903834
16k,8192,453.06,454,37.3,30.29355975,30.391715049743652,18.081573667,12.172093625,0.039089624999999996
32k,8192,461.9,810,36.49,39.9794335,40.11577796936035,17.735427583,22.200126792,0.042675041
64k,8192,463.91,1038,36.64,46.02991525,46.20797801017761,17.658771667,28.329556541,0.039607166
